<?xml version="1.0" encoding="UTF-8"?>
<extension type="module" client="site" method="upgrade">
	<name>mod_related_items</name>
	<author>Joomla! Project</author>
	<creationDate>2004-07</creationDate>
	<copyright>(C) 2005 Open Source Matters, Inc.</copyright>
	<license>GNU General Public License version 2 or later; see LICENSE.txt</license>
	<authorEmail>admin@joomla.org</authorEmail>
	<authorUrl>www.joomla.org</authorUrl>
	<version>3.0.0</version>
	<description>MOD_RELATED_XML_DESCRIPTION</description>
	<namespace path="src">Joomla\Module\RelatedItems</namespace>
	<files>
		<folder module="mod_related_items">services</folder>
		<folder>src</folder>
		<folder>tmpl</folder>
	</files>
	<languages>
		<language tag="en-GB">language/en-GB/mod_related_items.ini</language>
		<language tag="en-GB">language/en-GB/mod_related_items.sys.ini</language>
	</languages>
	<help key="Site_Modules:_Articles_-_Related" />
	<config>
		<fields name="params">
			<fieldset name="basic">
				<field
					name="showDate"
					type="radio"
					layout="joomla.form.field.radio.switcher"
					label="MOD_RELATED_FIELD_SHOWDATE_LABEL"
					default="0"
					filter="integer"
					>
					<option value="0">JHIDE</option>
					<option value="1">JSHOW</option>
				</field>

				<field
					name="maximum"
					type="number"
					label="MOD_RELATED_FIELD_MAX_LABEL"
					default="5"
					filter="integer"
					min="1"
					validate="number"
				/>
			</fieldset>
			<fieldset name="advanced">
				<field
					name="layout"
					type="modulelayout"
					label="JFIELD_ALT_LAYOUT_LABEL"
					class="form-select"
					validate="moduleLayout"
				/>

				<field
					name="moduleclass_sfx"
					type="textarea"
					label="COM_MODULES_FIELD_MODULECLASS_SFX_LABEL"
					rows="3"
					validate="CssIdentifier"
				/>

				<field
					name="owncache"
					type="list"
					label="COM_MODULES_FIELD_CACHING_LABEL"
					default="1"
					filter="integer"
					validate="options"
					>
					<option value="1">JGLOBAL_USE_GLOBAL</option>
					<option value="0">COM_MODULES_FIELD_VALUE_NOCACHING</option>
				</field>

				<field
					name="cache_time"
					type="number"
					label="COM_MODULES_FIELD_CACHE_TIME_LABEL"
					default="900"
					filter="integer"
				/>
			</fieldset>
		</fields>
	</config>
</extension>
