<?xml version="1.0" encoding="UTF-8"?>
<extension type="module" client="site" method="upgrade">
	<name>mod_wrapper</name>
	<author>Joomla! Project</author>
	<creationDate>2004-10</creationDate>
	<copyright>(C) 2005 Open Source Matters, Inc.</copyright>
	<license>GNU General Public License version 2 or later; see LICENSE.txt</license>
	<authorEmail>admin@joomla.org</authorEmail>
	<authorUrl>www.joomla.org</authorUrl>
	<version>3.0.0</version>
	<description>MOD_WRAPPER_XML_DESCRIPTION</description>
	<namespace path="src">Joomla\Module\Wrapper</namespace>
	<files>
		<folder module="mod_wrapper">services</folder>
		<folder>src</folder>
		<folder>tmpl</folder>
	</files>
	<languages>
		<language tag="en-GB">language/en-GB/mod_wrapper.ini</language>
		<language tag="en-GB">language/en-GB/mod_wrapper.sys.ini</language>
	</languages>
	<help key="Site_Modules:_Wrapper" />
	<config>
		<fields name="params">
			<fieldset name="basic">
				<field
					name="url"
					type="text"
					label="MOD_WRAPPER_FIELD_URL_LABEL"
					required="true"
				/>

				<field
					name="add"
					type="radio"
					layout="joomla.form.field.radio.switcher"
					label="MOD_WRAPPER_FIELD_ADD_LABEL"
					default="1"
					filter="integer"
					>
					<option value="0">JNO</option>
					<option value="1">JYES</option>
				</field>

				<field
					name="width"
					type="text"
					label="MOD_WRAPPER_FIELD_WIDTH_LABEL"
					default="100%"
				/>

				<field
					name="height"
					type="text"
					label="MOD_WRAPPER_FIELD_HEIGHT_LABEL"
					default="200"
				/>

				<field
					name="height_auto"
					type="radio"
					layout="joomla.form.field.radio.switcher"
					label="MOD_WRAPPER_FIELD_AUTOHEIGHT_LABEL"
					default="1"
					filter="integer"
					>
					<option value="0">JNO</option>
					<option value="1">JYES</option>
				</field>

				<field
					name="target"
					type="text"
					label="MOD_WRAPPER_FIELD_TARGET_LABEL"
				/>

				<field
					name="lazyloading"
					type="radio"
					label="MOD_WRAPPER_FIELD_LAZYLOADING_LABEL"
					default="lazy"
					layout="joomla.form.field.radio.switcher"
					validate="options"
					>
					<option value="eager">JNO</option>
					<option value="lazy">JYES</option>
				</field>
			</fieldset>
			<fieldset name="advanced">
				<field
					name="layout"
					type="modulelayout"
					label="JFIELD_ALT_LAYOUT_LABEL"
					class="form-select"
					validate="moduleLayout"
				/>

				<field
					name="moduleclass_sfx"
					type="textarea"
					label="COM_MODULES_FIELD_MODULECLASS_SFX_LABEL"
					rows="3"
					validate="CssIdentifier"
				/>

				<field
					name="cache"
					type="list"
					label="COM_MODULES_FIELD_CACHING_LABEL"
					default="1"
					filter="integer"
					validate="options"
					>
					<option value="1">JGLOBAL_USE_GLOBAL</option>
					<option value="0">COM_MODULES_FIELD_VALUE_NOCACHING</option>
				</field>

				<field
					name="cache_time"
					type="number"
					label="COM_MODULES_FIELD_CACHE_TIME_LABEL"
					default="900"
					filter="integer"
				/>

				<field
					name="cachemode"
					type="hidden"
					default="static"
					>
					<option value="static"></option>
				</field>
			</fieldset>
		</fields>
	</config>
</extension>
