<?xml version="1.0" encoding="UTF-8"?>
<extension type="module" client="site" method="upgrade">
	<name>mod_random_image</name>
	<author>Joomla! Project</author>
	<creationDate>2006-07</creationDate>
	<copyright>(C) 2006 Open Source Matters, Inc.</copyright>
	<license>GNU General Public License version 2 or later; see LICENSE.txt</license>
	<authorEmail>admin@joomla.org</authorEmail>
	<authorUrl>www.joomla.org</authorUrl>
	<version>3.0.0</version>
	<description>MOD_RANDOM_IMAGE_XML_DESCRIPTION</description>
	<namespace path="src">Joomla\Module\RandomImage</namespace>
	<files>
		<filename module="mod_random_image">mod_random_image.php</filename>
		<folder>src</folder>
		<folder>tmpl</folder>
	</files>
	<languages>
		<language tag="en-GB">language/en-GB/mod_random_image.ini</language>
		<language tag="en-GB">language/en-GB/mod_random_image.sys.ini</language>
	</languages>
	<help key="Site_Modules:_Random_Image" />
	<config>
		<fields name="params">
			<fieldset name="basic">
				<field
					name="type"
					type="text"
					label="MOD_RANDOM_IMAGE_FIELD_TYPE_LABEL"
					default="jpg"
				/>

				<field
					name="folder"
					type="text"
					label="MOD_RANDOM_IMAGE_FIELD_FOLDER_LABEL"
					validate="filePath"
				/>

				<field
					name="link"
					type="text"
					label="MOD_RANDOM_IMAGE_FIELD_LINK_LABEL"
				/>

				<field
					name="width"
					type="number"
					label="MOD_RANDOM_IMAGE_FIELD_WIDTH_LABEL"
					default="100"
					filter="integer"
				/>

				<field
					name="height"
					type="number"
					label="MOD_RANDOM_IMAGE_FIELD_HEIGHT_LABEL"
					filter="integer"
				/>

			</fieldset>
			<fieldset name="advanced">
				<field
					name="layout"
					type="modulelayout"
					label="JFIELD_ALT_LAYOUT_LABEL"
					class="form-select"
					validate="moduleLayout"
				/>

				<field
					name="moduleclass_sfx"
					type="textarea"
					label="COM_MODULES_FIELD_MODULECLASS_SFX_LABEL"
					rows="3"
					validate="CssIdentifier"
				/>
			</fieldset>
		</fields>
	</config>
</extension>
